{"nodes": [{"path": [], "origin": [-10.144240492224695, 31.31006119492054, 43.866985912323], "normal": [-0.185, 0.571, 0.8]}], "state": []}